--
-- PostgreSQL database dump
--

-- Dumped from database version 12.9 (Ubuntu 12.9-2.pgdg20.04+1)
-- Dumped by pg_dump version 12.9 (Ubuntu 12.9-2.pgdg20.04+1)

SET statement_timeout = 0;
SET lock_timeout = 0;
SET idle_in_transaction_session_timeout = 0;
SET client_encoding = 'UTF8';
SET standard_conforming_strings = on;
SELECT pg_catalog.set_config('search_path', '', false);
SET check_function_bodies = false;
SET xmloption = content;
SET client_min_messages = warning;
SET row_security = off;

DROP DATABASE universe;
--
-- Name: universe; Type: DATABASE; Schema: -; Owner: freecodecamp
--

CREATE DATABASE universe WITH TEMPLATE = template0 ENCODING = 'UTF8' LC_COLLATE = 'C.UTF-8' LC_CTYPE = 'C.UTF-8';


ALTER DATABASE universe OWNER TO freecodecamp;

\connect universe

SET statement_timeout = 0;
SET lock_timeout = 0;
SET idle_in_transaction_session_timeout = 0;
SET client_encoding = 'UTF8';
SET standard_conforming_strings = on;
SELECT pg_catalog.set_config('search_path', '', false);
SET check_function_bodies = false;
SET xmloption = content;
SET client_min_messages = warning;
SET row_security = off;

SET default_tablespace = '';

SET default_table_access_method = heap;

--
-- Name: black_hole; Type: TABLE; Schema: public; Owner: freecodecamp
--

CREATE TABLE public.black_hole (
    black_hole_id integer NOT NULL,
    name character varying(40) NOT NULL,
    mass integer
);


ALTER TABLE public.black_hole OWNER TO freecodecamp;

--
-- Name: black_holes_black_hole_id_seq; Type: SEQUENCE; Schema: public; Owner: freecodecamp
--

CREATE SEQUENCE public.black_holes_black_hole_id_seq
    AS integer
    START WITH 1
    INCREMENT BY 1
    NO MINVALUE
    NO MAXVALUE
    CACHE 1;


ALTER TABLE public.black_holes_black_hole_id_seq OWNER TO freecodecamp;

--
-- Name: black_holes_black_hole_id_seq; Type: SEQUENCE OWNED BY; Schema: public; Owner: freecodecamp
--

ALTER SEQUENCE public.black_holes_black_hole_id_seq OWNED BY public.black_hole.black_hole_id;


--
-- Name: galaxy; Type: TABLE; Schema: public; Owner: freecodecamp
--

CREATE TABLE public.galaxy (
    galaxy_id integer NOT NULL,
    name character varying(40) NOT NULL,
    description text,
    type character varying(20),
    notes text
);


ALTER TABLE public.galaxy OWNER TO freecodecamp;

--
-- Name: galaxy_galaxy_id_seq; Type: SEQUENCE; Schema: public; Owner: freecodecamp
--

CREATE SEQUENCE public.galaxy_galaxy_id_seq
    AS integer
    START WITH 1
    INCREMENT BY 1
    NO MINVALUE
    NO MAXVALUE
    CACHE 1;


ALTER TABLE public.galaxy_galaxy_id_seq OWNER TO freecodecamp;

--
-- Name: galaxy_galaxy_id_seq; Type: SEQUENCE OWNED BY; Schema: public; Owner: freecodecamp
--

ALTER SEQUENCE public.galaxy_galaxy_id_seq OWNED BY public.galaxy.galaxy_id;


--
-- Name: moon; Type: TABLE; Schema: public; Owner: freecodecamp
--

CREATE TABLE public.moon (
    moon_id integer NOT NULL,
    name character varying(40) NOT NULL,
    is_spherical boolean,
    planet_id integer,
    notes text
);


ALTER TABLE public.moon OWNER TO freecodecamp;

--
-- Name: moon_moon_id_seq; Type: SEQUENCE; Schema: public; Owner: freecodecamp
--

CREATE SEQUENCE public.moon_moon_id_seq
    AS integer
    START WITH 1
    INCREMENT BY 1
    NO MINVALUE
    NO MAXVALUE
    CACHE 1;


ALTER TABLE public.moon_moon_id_seq OWNER TO freecodecamp;

--
-- Name: moon_moon_id_seq; Type: SEQUENCE OWNED BY; Schema: public; Owner: freecodecamp
--

ALTER SEQUENCE public.moon_moon_id_seq OWNED BY public.moon.moon_id;


--
-- Name: planet; Type: TABLE; Schema: public; Owner: freecodecamp
--

CREATE TABLE public.planet (
    planet_id integer NOT NULL,
    name character varying(40) NOT NULL,
    has_life boolean,
    mass numeric(7,1),
    star_id integer,
    notes text
);


ALTER TABLE public.planet OWNER TO freecodecamp;

--
-- Name: planet_planet_id_seq; Type: SEQUENCE; Schema: public; Owner: freecodecamp
--

CREATE SEQUENCE public.planet_planet_id_seq
    AS integer
    START WITH 1
    INCREMENT BY 1
    NO MINVALUE
    NO MAXVALUE
    CACHE 1;


ALTER TABLE public.planet_planet_id_seq OWNER TO freecodecamp;

--
-- Name: planet_planet_id_seq; Type: SEQUENCE OWNED BY; Schema: public; Owner: freecodecamp
--

ALTER SEQUENCE public.planet_planet_id_seq OWNED BY public.planet.planet_id;


--
-- Name: star; Type: TABLE; Schema: public; Owner: freecodecamp
--

CREATE TABLE public.star (
    star_id integer NOT NULL,
    name character varying(40) NOT NULL,
    distance_from_earth integer,
    age_in_millions_of_years integer,
    galaxy_id integer,
    notes text
);


ALTER TABLE public.star OWNER TO freecodecamp;

--
-- Name: star_star_id_seq; Type: SEQUENCE; Schema: public; Owner: freecodecamp
--

CREATE SEQUENCE public.star_star_id_seq
    AS integer
    START WITH 1
    INCREMENT BY 1
    NO MINVALUE
    NO MAXVALUE
    CACHE 1;


ALTER TABLE public.star_star_id_seq OWNER TO freecodecamp;

--
-- Name: star_star_id_seq; Type: SEQUENCE OWNED BY; Schema: public; Owner: freecodecamp
--

ALTER SEQUENCE public.star_star_id_seq OWNED BY public.star.star_id;


--
-- Name: black_hole black_hole_id; Type: DEFAULT; Schema: public; Owner: freecodecamp
--

ALTER TABLE ONLY public.black_hole ALTER COLUMN black_hole_id SET DEFAULT nextval('public.black_holes_black_hole_id_seq'::regclass);


--
-- Name: galaxy galaxy_id; Type: DEFAULT; Schema: public; Owner: freecodecamp
--

ALTER TABLE ONLY public.galaxy ALTER COLUMN galaxy_id SET DEFAULT nextval('public.galaxy_galaxy_id_seq'::regclass);


--
-- Name: moon moon_id; Type: DEFAULT; Schema: public; Owner: freecodecamp
--

ALTER TABLE ONLY public.moon ALTER COLUMN moon_id SET DEFAULT nextval('public.moon_moon_id_seq'::regclass);


--
-- Name: planet planet_id; Type: DEFAULT; Schema: public; Owner: freecodecamp
--

ALTER TABLE ONLY public.planet ALTER COLUMN planet_id SET DEFAULT nextval('public.planet_planet_id_seq'::regclass);


--
-- Name: star star_id; Type: DEFAULT; Schema: public; Owner: freecodecamp
--

ALTER TABLE ONLY public.star ALTER COLUMN star_id SET DEFAULT nextval('public.star_star_id_seq'::regclass);


--
-- Data for Name: black_hole; Type: TABLE DATA; Schema: public; Owner: freecodecamp
--

INSERT INTO public.black_hole VALUES (1, 'BH1', NULL);
INSERT INTO public.black_hole VALUES (2, 'BH2', NULL);
INSERT INTO public.black_hole VALUES (3, 'BH3', NULL);


--
-- Data for Name: galaxy; Type: TABLE DATA; Schema: public; Owner: freecodecamp
--

INSERT INTO public.galaxy VALUES (1, 'Milky Way', NULL, NULL, NULL);
INSERT INTO public.galaxy VALUES (2, 'Andromeda', NULL, NULL, NULL);
INSERT INTO public.galaxy VALUES (3, 'Eye of Sauron', NULL, NULL, NULL);
INSERT INTO public.galaxy VALUES (4, 'Whirlpool', NULL, NULL, NULL);
INSERT INTO public.galaxy VALUES (5, 'Medusa Merger', NULL, NULL, NULL);
INSERT INTO public.galaxy VALUES (6, 'Sombrero', NULL, NULL, NULL);


--
-- Data for Name: moon; Type: TABLE DATA; Schema: public; Owner: freecodecamp
--

INSERT INTO public.moon VALUES (1, 'Io', NULL, 5, NULL);
INSERT INTO public.moon VALUES (2, 'Europa', NULL, 5, NULL);
INSERT INTO public.moon VALUES (3, 'Ganymede', NULL, 5, NULL);
INSERT INTO public.moon VALUES (4, 'Callisto', NULL, 5, NULL);
INSERT INTO public.moon VALUES (5, 'Moon', NULL, 3, NULL);
INSERT INTO public.moon VALUES (6, 'Phobos', NULL, 4, NULL);
INSERT INTO public.moon VALUES (7, 'Deimos', NULL, 4, NULL);
INSERT INTO public.moon VALUES (8, 'Titan', NULL, 6, NULL);
INSERT INTO public.moon VALUES (9, 'Caronte', NULL, 9, NULL);
INSERT INTO public.moon VALUES (10, 'Leda', NULL, 5, NULL);
INSERT INTO public.moon VALUES (11, 'Ersa', NULL, 5, NULL);
INSERT INTO public.moon VALUES (12, 'Himalia', NULL, 5, NULL);
INSERT INTO public.moon VALUES (13, 'Pandia', NULL, 5, NULL);
INSERT INTO public.moon VALUES (14, 'Thetys', NULL, 6, NULL);
INSERT INTO public.moon VALUES (15, 'Rhea', NULL, 6, NULL);
INSERT INTO public.moon VALUES (16, 'Phoebe', NULL, 6, NULL);
INSERT INTO public.moon VALUES (17, 'Triton', NULL, 8, NULL);
INSERT INTO public.moon VALUES (18, 'Miranda', NULL, 7, NULL);
INSERT INTO public.moon VALUES (19, 'Thebe', NULL, 5, NULL);
INSERT INTO public.moon VALUES (20, 'Amalthea', NULL, 5, NULL);


--
-- Data for Name: planet; Type: TABLE DATA; Schema: public; Owner: freecodecamp
--

INSERT INTO public.planet VALUES (1, 'Mercury', NULL, NULL, 1, NULL);
INSERT INTO public.planet VALUES (2, 'Venus', NULL, NULL, 1, NULL);
INSERT INTO public.planet VALUES (3, 'Earth', NULL, NULL, 1, NULL);
INSERT INTO public.planet VALUES (4, 'Mars', NULL, NULL, 1, NULL);
INSERT INTO public.planet VALUES (5, 'Jupiter', NULL, NULL, 1, NULL);
INSERT INTO public.planet VALUES (6, 'Saturn', NULL, NULL, 1, NULL);
INSERT INTO public.planet VALUES (7, 'Uranus', NULL, NULL, 1, NULL);
INSERT INTO public.planet VALUES (8, 'Neptune', NULL, NULL, 1, NULL);
INSERT INTO public.planet VALUES (9, 'Pluto', NULL, NULL, 1, NULL);
INSERT INTO public.planet VALUES (10, 'Planet X', NULL, NULL, 1, NULL);
INSERT INTO public.planet VALUES (11, 'Planet Y', NULL, NULL, 1, NULL);
INSERT INTO public.planet VALUES (12, 'Planet Z', NULL, NULL, 1, NULL);


--
-- Data for Name: star; Type: TABLE DATA; Schema: public; Owner: freecodecamp
--

INSERT INTO public.star VALUES (1, 'Sun', NULL, NULL, 1, NULL);
INSERT INTO public.star VALUES (2, 'Betelgeuse', NULL, NULL, 1, NULL);
INSERT INTO public.star VALUES (3, 'Altair', NULL, NULL, 1, NULL);
INSERT INTO public.star VALUES (4, 'Castor', NULL, NULL, 1, NULL);
INSERT INTO public.star VALUES (5, 'Pollux', NULL, NULL, 1, NULL);
INSERT INTO public.star VALUES (6, 'Sirius', NULL, NULL, 1, NULL);


--
-- Name: black_holes_black_hole_id_seq; Type: SEQUENCE SET; Schema: public; Owner: freecodecamp
--

SELECT pg_catalog.setval('public.black_holes_black_hole_id_seq', 3, true);


--
-- Name: galaxy_galaxy_id_seq; Type: SEQUENCE SET; Schema: public; Owner: freecodecamp
--

SELECT pg_catalog.setval('public.galaxy_galaxy_id_seq', 6, true);


--
-- Name: moon_moon_id_seq; Type: SEQUENCE SET; Schema: public; Owner: freecodecamp
--

SELECT pg_catalog.setval('public.moon_moon_id_seq', 20, true);


--
-- Name: planet_planet_id_seq; Type: SEQUENCE SET; Schema: public; Owner: freecodecamp
--

SELECT pg_catalog.setval('public.planet_planet_id_seq', 12, true);


--
-- Name: star_star_id_seq; Type: SEQUENCE SET; Schema: public; Owner: freecodecamp
--

SELECT pg_catalog.setval('public.star_star_id_seq', 6, true);


--
-- Name: black_hole black_holes_name_key; Type: CONSTRAINT; Schema: public; Owner: freecodecamp
--

ALTER TABLE ONLY public.black_hole
    ADD CONSTRAINT black_holes_name_key UNIQUE (name);


--
-- Name: black_hole black_holes_pkey; Type: CONSTRAINT; Schema: public; Owner: freecodecamp
--

ALTER TABLE ONLY public.black_hole
    ADD CONSTRAINT black_holes_pkey PRIMARY KEY (black_hole_id);


--
-- Name: galaxy galaxy_name_key; Type: CONSTRAINT; Schema: public; Owner: freecodecamp
--

ALTER TABLE ONLY public.galaxy
    ADD CONSTRAINT galaxy_name_key UNIQUE (name);


--
-- Name: galaxy galaxy_pkey; Type: CONSTRAINT; Schema: public; Owner: freecodecamp
--

ALTER TABLE ONLY public.galaxy
    ADD CONSTRAINT galaxy_pkey PRIMARY KEY (galaxy_id);


--
-- Name: moon moon_name_key; Type: CONSTRAINT; Schema: public; Owner: freecodecamp
--

ALTER TABLE ONLY public.moon
    ADD CONSTRAINT moon_name_key UNIQUE (name);


--
-- Name: moon moon_pkey; Type: CONSTRAINT; Schema: public; Owner: freecodecamp
--

ALTER TABLE ONLY public.moon
    ADD CONSTRAINT moon_pkey PRIMARY KEY (moon_id);


--
-- Name: planet planet_name_key; Type: CONSTRAINT; Schema: public; Owner: freecodecamp
--

ALTER TABLE ONLY public.planet
    ADD CONSTRAINT planet_name_key UNIQUE (name);


--
-- Name: planet planet_pkey; Type: CONSTRAINT; Schema: public; Owner: freecodecamp
--

ALTER TABLE ONLY public.planet
    ADD CONSTRAINT planet_pkey PRIMARY KEY (planet_id);


--
-- Name: star star_name_key; Type: CONSTRAINT; Schema: public; Owner: freecodecamp
--

ALTER TABLE ONLY public.star
    ADD CONSTRAINT star_name_key UNIQUE (name);


--
-- Name: star star_pkey; Type: CONSTRAINT; Schema: public; Owner: freecodecamp
--

ALTER TABLE ONLY public.star
    ADD CONSTRAINT star_pkey PRIMARY KEY (star_id);


--
-- Name: moon moon_planet_id_fkey; Type: FK CONSTRAINT; Schema: public; Owner: freecodecamp
--

ALTER TABLE ONLY public.moon
    ADD CONSTRAINT moon_planet_id_fkey FOREIGN KEY (planet_id) REFERENCES public.planet(planet_id);


--
-- Name: planet planet_star_id_fkey; Type: FK CONSTRAINT; Schema: public; Owner: freecodecamp
--

ALTER TABLE ONLY public.planet
    ADD CONSTRAINT planet_star_id_fkey FOREIGN KEY (star_id) REFERENCES public.star(star_id);


--
-- Name: star star_galaxy_id_fkey; Type: FK CONSTRAINT; Schema: public; Owner: freecodecamp
--

ALTER TABLE ONLY public.star
    ADD CONSTRAINT star_galaxy_id_fkey FOREIGN KEY (galaxy_id) REFERENCES public.galaxy(galaxy_id);


--
-- PostgreSQL database dump complete
--

